Filename,Category,Confidence,Skills,Experience,RawText
resume_237a2d5e-a63b-48dd-9a2d-c567e5bae8ef.pdf,INFORMATION-TECHNOLOGY,0.0,"GitHub, Algorithms, NumPy, Machine Learning, Java, Adaptability, Scikit-Learn, CSS, SQL, HTML, Python, Node.js, Git, Data Structures, JavaScript, Express.js, React, Pandas, NLP, Matplotlib, MySQL",UNKNOWN at UNKNOWN,"Mostafa Fouad 
Alexandria, Egypt      20 01063693198   mostafafouad959@email.com 
linkedin.com/in/mostafafouad      github.com/mostafafouad959-coder 
 
PROFESSIONAL SUMMARY 
Computer Science student with a strong foundation in Software Development, Artificial Intelligence, Data Science, and 
Full Stack Web Development. Experienced in building web applications, machine learning projects, and recommendation 
systems using Python, Java, JavaScript, React, and Node.js. Passionate about problem-solving, software engineering, and 
creating intelligent applications with clean, scalable code. Quick learner with excellent teamwork and communication 
skills. 
EDUCATION 
Bachelor of Computer Science 
Faculty of Computers and Information  Alexandria National University 
Expected Graduation: 2027 
Relevant Coursework: 
 Data Structures  Algorithms, Object-Oriented Programming, Database Systems 
 Operating Systems, Computer Networks, Software Engineering, Web Development 
 Artificial Intelligence, Machine Learning, Data Mining, Smart Systems 
TECHNICAL SKILLS 
Programming Languages: Python, Java, JavaScript, SQL, HTML5, CSS3 
Frameworks  Libraries: React.js, Node.js, Express.js, Streamlit, Scikit-learn, Pandas, NumPy, Matplotlib 
Databases: MySQL, Microsoft SQL Server 
Machine Learning: Data Preprocessing, Classification, Recommendation Systems, Feature Engineering, Model Evaluation 
Tools: Git, GitHub, VS Code, Postman, Microsoft Office 
PROJECTS 
Movie Recommendation System   Python  Machine Learning  Streamlit 
 Developed a movie recommendation web application using machine learning techniques 
 Built an interactive Streamlit interface 
 Implemented content-based recommendation algorithms 
 Integrated movie datasets and similarity models 
 Improved recommendation accuracy through feature engineering 
MindCare AI  Emotion Detection   Python  Machine Learning 
 Built an emotion classification system using NLP techniques 
 Trained classification models on large emotion datasets 
 Applied text preprocessing and feature extraction 
 Evaluated model performance using multiple ML metrics 
Student Study Spaces Analysis   Python  Data Analysis 
 Conducted data analysis on university study spaces 
 Generated insights using visualization tools 
 Created reports supporting decision-making 
Hospital Database Management System   SQL  Database Design 
 Designed a complete relational database 
 Created ER diagrams 
 Developed SQL queries and normalization 
 Implemented relationships and constraints 
Full Stack Web Applications   React.js  Node.js  Express 
 Developed responsive web applications 
 Built RESTful APIs 
 Connected frontend with backend services 
 Managed authentication and CRUD operations 
TRAINING  CERTIFICATIONS 
 Full Stack Web Development React  Node.js 
 Artificial Intelligence Fundamentals 
 Machine Learning Fundamentals 
 Data Analysis using Python 
SOFT SKILLS 
Problem Solving    Teamwork    Communication    Time Management    Analytical Thinking    Ad"
